{
    "balance": 562.8500000000611,
    "lifetime_earnings": 755.6666666666827
}