{
    "balance": 987.2166666667506,
    "lifetime_earnings": 1255.6666666666827
}